loss,grad_norm,learning_rate,epoch,step,eval_loss,eval_accuracy,eval_precision,eval_recall,eval_f1,eval_auc_roc,eval_runtime,eval_samples_per_second,eval_steps_per_second,train_runtime,train_samples_per_second,train_steps_per_second,total_flos,train_loss
,,,1.0,55,0.46431592106819153,0.8090909090909091,1.0,0.4878048780487805,0.6557377049180327,0.9869211735595617,0.9621,114.33,7.276,,,,,
,,,2.0,110,0.144904226064682,0.9636363636363636,1.0,0.9024390243902439,0.9487179487179487,0.9957582184517497,0.8664,126.962,8.079,,,,,
,,,3.0,165,0.18670505285263062,0.9727272727272728,1.0,0.926829268292683,0.9620253164556962,0.9939908094733121,0.8146,135.033,8.593,,,,,
,,,4.0,220,0.21624617278575897,0.9545454545454546,1.0,0.8780487804878049,0.935064935064935,0.9899257688229055,0.8305,132.451,8.429,,,,,
,,,5.0,275,0.17492148280143738,0.9727272727272728,1.0,0.926829268292683,0.9620253164556962,0.9925768822905621,0.9375,117.336,7.467,,,,,
