loss,grad_norm,learning_rate,epoch,step,eval_loss,eval_accuracy,eval_precision,eval_recall,eval_f1,eval_auc_roc,eval_runtime,eval_samples_per_second,eval_steps_per_second,train_runtime,train_samples_per_second,train_steps_per_second,total_flos,train_loss
,,,1.0,55,0.49627408385276794,0.7454545454545455,1.0,0.3170731707317073,0.48148148148148145,0.9609402615765288,0.4221,260.629,16.585,,,,,
,,,2.0,110,0.21296826004981995,0.9272727272727272,1.0,0.8048780487804879,0.8918918918918919,1.0,0.4163,264.237,16.815,,,,,
,,,3.0,165,0.1399126797914505,0.9727272727272728,1.0,0.926829268292683,0.9620253164556962,0.9915164369034996,0.4279,257.099,16.361,,,,,
,,,4.0,220,0.1064901351928711,0.9727272727272728,1.0,0.926829268292683,0.9620253164556962,0.9985860728172499,0.4267,257.787,16.405,,,,,
,,,5.0,275,0.12930883467197418,0.9727272727272728,1.0,0.926829268292683,0.9620253164556962,0.9957582184517497,0.4894,224.746,14.302,,,,,
