class_or_metric,precision,recall,f1-score,support
SAFE,0.835820895522388,1.0,0.9105691056910569,56.0
INJECTION,1.0,0.8166666666666667,0.8990825688073395,60.0
accuracy,0.9051724137931034,0.9051724137931034,0.9051724137931034,0.9051724137931034
macro avg,0.917910447761194,0.9083333333333333,0.9048258372491982,116.0
weighted avg,0.9207411219763253,0.9051724137931034,0.9046277935098238,116.0
