loss,grad_norm,learning_rate,epoch,step,eval_loss,eval_accuracy,eval_precision,eval_recall,eval_f1,eval_auc_roc,eval_runtime,eval_samples_per_second,eval_steps_per_second,train_runtime,train_samples_per_second,train_steps_per_second,total_flos,train_loss
,,,1.0,55,0.39567697048187256,0.8272727272727273,0.9583333333333334,0.5609756097560976,0.7076923076923077,0.9508660303994345,0.4856,226.524,28.83,,,,,
,,,2.0,110,0.15081028640270233,0.9181818181818182,0.8478260869565217,0.9512195121951219,0.896551724137931,0.9886885825379992,0.4851,226.767,28.861,,,,,
,,,3.0,165,0.11458627879619598,0.9454545454545454,0.926829268292683,0.926829268292683,0.926829268292683,0.9922234004948746,0.4837,227.424,28.945,,,,,
,,,4.0,220,0.11405228078365326,0.9636363636363636,0.9512195121951219,0.9512195121951219,0.9512195121951219,0.9904559915164369,0.4929,223.16,28.402,,,,,
,,,5.0,275,0.11341896653175354,0.9636363636363636,0.9512195121951219,0.9512195121951219,0.9512195121951219,0.9922234004948746,0.4813,228.552,29.088,,,,,
